{
  "lang":"en",
  "name":"pipeline",
  "version":"0.0.0",
  "spacy_version":">=3.8.3,<3.9.0",
  "description":"",
  "author":"",
  "email":"",
  "url":"",
  "license":"",
  "spacy_git_version":"be0fa81",
  "vectors":{
    "width":0,
    "vectors":0,
    "keys":0,
    "name":null,
    "mode":"default"
  },
  "labels":{
    "textcat":[
      "Hardware",
      "Access",
      "Miscellaneous",
      "HR Support",
      "Purchase",
      "Administrative rights",
      "Storage",
      "Internal Project"
    ]
  },
  "pipeline":[
    "textcat"
  ],
  "components":[
    "textcat"
  ],
  "disabled":[

  ],
  "performance":{
    "cats_score":0.8506640971,
    "cats_score_desc":"macro F",
    "cats_micro_p":0.8491847826,
    "cats_micro_r":0.8491847826,
    "cats_micro_f":0.8491847826,
    "cats_macro_p":0.8680112232,
    "cats_macro_r":0.8355746348,
    "cats_macro_f":0.8506640971,
    "cats_macro_auc":0.9776061248,
    "cats_f_per_type":{
      "Hardware":{
        "p":0.8412926391,
        "r":0.8489130435,
        "f":0.8450856628
      },
      "Access":{
        "p":0.9008498584,
        "r":0.8742268041,
        "f":0.8873386815
      },
      "Miscellaneous":{
        "p":0.8019257221,
        "r":0.8328571429,
        "f":0.8170988087
      },
      "HR Support":{
        "p":0.8144836835,
        "r":0.8647365923,
        "f":0.8388581952
      },
      "Purchase":{
        "p":0.9501084599,
        "r":0.8812877264,
        "f":0.9144050104
      },
      "Administrative rights":{
        "p":0.7961783439,
        "r":0.730994152,
        "f":0.762195122
      },
      "Storage":{
        "p":0.9365079365,
        "r":0.8489208633,
        "f":0.8905660377
      },
      "Internal Project":{
        "p":0.9027431421,
        "r":0.8026607539,
        "f":0.8497652582
      }
    },
    "textcat_loss":3.1001024055
  }
}