{
  "lang":"en",
  "name":"pipeline",
  "version":"0.0.0",
  "spacy_version":">=3.8.3,<3.9.0",
  "description":"",
  "author":"",
  "email":"",
  "url":"",
  "license":"",
  "spacy_git_version":"be0fa81",
  "vectors":{
    "width":0,
    "vectors":0,
    "keys":0,
    "name":null,
    "mode":"default"
  },
  "labels":{
    "textcat":[
      "Hardware",
      "Purchase",
      "HR Support",
      "Access",
      "Internal Project",
      "Administrative rights",
      "Miscellaneous",
      "Storage"
    ]
  },
  "pipeline":[
    "textcat"
  ],
  "components":[
    "textcat"
  ],
  "disabled":[

  ],
  "performance":{
    "cats_score":0.7636792525,
    "cats_score_desc":"macro F",
    "cats_micro_p":0.7766666667,
    "cats_micro_r":0.7766666667,
    "cats_micro_f":0.7766666667,
    "cats_macro_p":0.8361552801,
    "cats_macro_r":0.7219221819,
    "cats_macro_f":0.7636792525,
    "cats_macro_auc":0.9500281075,
    "cats_f_per_type":{
      "Hardware":{
        "p":0.6764705882,
        "r":0.8679245283,
        "f":0.7603305785
      },
      "Purchase":{
        "p":1.0,
        "r":0.8928571429,
        "f":0.9433962264
      },
      "HR Support":{
        "p":0.7962962963,
        "r":0.735042735,
        "f":0.7644444444
      },
      "Access":{
        "p":0.875,
        "r":0.8125,
        "f":0.8425925926
      },
      "Internal Project":{
        "p":1.0,
        "r":0.5625,
        "f":0.72
      },
      "Administrative rights":{
        "p":0.7142857143,
        "r":0.4761904762,
        "f":0.5714285714
      },
      "Miscellaneous":{
        "p":0.7425742574,
        "r":0.7894736842,
        "f":0.7653061224
      },
      "Storage":{
        "p":0.8846153846,
        "r":0.6388888889,
        "f":0.7419354839
      }
    },
    "textcat_loss":2.1186889982
  }
}