{
  "lang":"en",
  "name":"pipeline",
  "version":"0.0.0",
  "spacy_version":">=3.8.3,<3.9.0",
  "description":"",
  "author":"",
  "email":"",
  "url":"",
  "license":"",
  "spacy_git_version":"be0fa81",
  "vectors":{
    "width":0,
    "vectors":0,
    "keys":0,
    "name":null,
    "mode":"default"
  },
  "labels":{
    "textcat":[
      "Hardware",
      "Access",
      "Miscellaneous",
      "HR Support",
      "Purchase",
      "Administrative rights",
      "Storage",
      "Internal Project"
    ]
  },
  "pipeline":[
    "textcat"
  ],
  "components":[
    "textcat"
  ],
  "disabled":[

  ],
  "performance":{
    "cats_score":0.8541904246,
    "cats_score_desc":"macro F",
    "cats_micro_p":0.8506479933,
    "cats_micro_r":0.8506479933,
    "cats_micro_f":0.8506479933,
    "cats_macro_p":0.870729106,
    "cats_macro_r":0.8398198096,
    "cats_macro_f":0.8541904246,
    "cats_macro_auc":0.9782938364,
    "cats_f_per_type":{
      "Hardware":{
        "p":0.8318149965,
        "r":0.8601449275,
        "f":0.8457427859
      },
      "Access":{
        "p":0.8945530726,
        "r":0.8804123711,
        "f":0.8874263942
      },
      "Miscellaneous":{
        "p":0.7961956522,
        "r":0.8371428571,
        "f":0.8161559889
      },
      "HR Support":{
        "p":0.8389388915,
        "r":0.8405315615,
        "f":0.8397344713
      },
      "Purchase":{
        "p":0.9623893805,
        "r":0.8752515091,
        "f":0.9167544784
      },
      "Administrative rights":{
        "p":0.8389261745,
        "r":0.730994152,
        "f":0.78125
      },
      "Storage":{
        "p":0.905204461,
        "r":0.8758992806,
        "f":0.8903107861
      },
      "Internal Project":{
        "p":0.897810219,
        "r":0.8181818182,
        "f":0.8561484919
      }
    },
    "textcat_loss":3.5691627592
  }
}